<metadata><idinfo><citation><citeinfo><origin>Minnesota Department of Transportation</origin><title>County Boundaries in Minnesota</title><pubinfo><publish>Minnesota Department of Transportation</publish></pubinfo><pubdate>2025-01-06</pubdate><onlink>https://gisdata.mn.gov/dataset/bdry-counties</onlink></citeinfo></citation><descript><abstract>This dataset represents the county boundaries, as recognized by the Minnesota Department of Transportation.  There are 87 counties in Minnesota.  </abstract><purpose>The purpose of this dataset is to spatially represent the county boundaries and use as reference for other layers spatially dependent on county boundaries (ex. ATP boundaries).  </purpose><supplinf>State of Minnesota</supplinf></descript><browse><browsen>http://www.dot.state.mn.us/maps/gdma/data/maps/County_Sheet_Index.pdf</browsen><browsed>PDF file of County Index Map, which is linked to detailed county maps</browsed></browse><status><progress>Complete</progress><update>Weekly</update></status><spdom><bounding><westbc>-97.508970</westbc><eastbc>-89.028990</eastbc><northbc>49.652543</northbc><southbc>43.192405</southbc></bounding></spdom><keywords><theme><themekt>ISO 19115 Topic Category</themekt><themekey>Minnesota, County, and Boundaries </themekey></theme><place><placekey>Minnesota</placekey></place></keywords><accconst>None</accconst><useconst>This dataset is best suited for general reference only. It is not suitable for precise land measurements or ground surveys. </useconst><timeperd><timeinfo><sngdate><caldate>2025-01-06</caldate></sngdate></timeinfo></timeperd><ptcontac><cntinfo><cntperp><cntorg>Minnesota Department of Transportation</cntorg><cntper>Peter Morey</cntper></cntperp><cntpos>Roadway Data and Support Section Director</cntpos><cntaddr><address>395 John Ireland Blvd.</address><city>Saint Paul</city><state>MN</state><postal>55155</postal></cntaddr><cntvoice>651-366-3872</cntvoice><cntfax>651-366-3886</cntfax><cntemail>linearreferencingsystem.admin.dot@state.mn.us</cntemail></cntinfo></ptcontac></idinfo><dataqual><logic>Topology Rules for: Gaps, Overlaps, Covered By State</logic><complete>Complete</complete><posacc><horizpa><horizpar>All of the data sources reviewed and the final dataset were within the National Map Accuracy Standards for 1:24,000-scale maps which is +/- 40 feet (12 meters). The dataset is not intended for legal land survey use, and is best suited for general reference.</horizpar></horizpa><vertacc><vertaccr>Not Applicable</vertaccr></vertacc></posacc><lineage><procstep><procdesc>This dataset was originally developed by the Minnesota Department of Natural Resources, then adjusted by MnDOT staff to match county boundaries more accurately using high resolution imagery, USGS boundary interpretations, and interpretations from local sources.   </procdesc></procstep></lineage></dataqual><spref><vertdef><altsys><altdatum>not applicable</altdatum></altsys><depthsys><depthdn>not applicable</depthdn></depthsys></vertdef><horizsys><planar><gridsys><gridsysn>Universal Transverse Mercator</gridsysn><utm><utmzone>15</utmzone></utm></gridsys><planci><plandu>meters</plandu></planci></planar><geodetic><horizdn>NAD83</horizdn><ellips>GRS80</ellips></geodetic></horizsys></spref><eainfo><detailed><enttyp><enttypl>County</enttypl><enttypd>list of Minnesota counties</enttypd><enttypds>MnDOT</enttypds></enttyp><attr><attrlabl>County_Name</attrlabl><attrdef>Name of county</attrdef><attrdefs>MnDOT</attrdefs></attr><attr><attrlabl>County_Code</attrlabl><attrdef>Unique numeric identification code assigned to counties</attrdef><attrdefs>MnDOT</attrdefs></attr><attr><attrlabl>FIPS55_Code</attrlabl><attrdef>Federal Information Processing Standards (FIPS) 55 is a 3-digit feature identification number for geographic names and is a part of the Geographic Names Information System (GNIS).</attrdef><attrdefs>Federal</attrdefs></attr><attr><attrlabl>GNIS_Feature_ID</attrlabl><attrdef>Geographic Names Information System (GNIS) is a 6-digit ifeature identification code for geographic names.</attrdef><attrdefs>Geographic Names Information System</attrdefs></attr><attr><attrlabl>ATP_Code</attrlabl><attrdef>Numeric Code for ATP District</attrdef><attrdefs>MnDOT</attrdefs></attr></detailed></eainfo><distinfo><distliab>USE OF THIS DOCUMENT IS SUBJECT TO MNDOT'S DISCLAIMERS, LEGAL NOTICES AND POLICIES FOUND at http://www.dot.state.mn.us/information/disclaimer.html</distliab><stdorder><ordering>The data may be requested from the Contact person listed in the metadata.</ordering></stdorder><resdesc>County Boundaries</resdesc><distrib><cntinfo><cntperp><cntorg>Minnesota Department of Transportation</cntorg><cntper>Peter Morey</cntper></cntperp><cntpos>Roadway Data and Support Section Director</cntpos><cntaddr><address>395 John Ireland Blvd.</address><city>Saint Paul</city><state>MN</state><postal>55155</postal></cntaddr><cntvoice>651-366-3872</cntvoice><cntfax>651-366-3886</cntfax><cntemail>linearreferencingsystem.admin.dot@state.mn.us</cntemail></cntinfo></distrib></distinfo><metainfo><metd>2025-01-06</metd><metstdn>Minnesota Geographic Metadata Guidelines</metstdn><metstdv>1.2</metstdv><metextns><onlink>https://www.mngeo.state.mn.us/committee/standards/mgmg/metadata.htm</onlink></metextns><metc><cntinfo><cntperp><cntorg>Minnesota Department of Transportation</cntorg><cntper>Lauren Hansen</cntper></cntperp><cntpos>Research Analyst Intermediate, Metadata Specialist</cntpos><cntaddr><address>395 John Ireland Blvd.</address><city>Saint Paul</city><state>MN</state><postal>55155</postal></cntaddr><cntvoice>651-366-3879</cntvoice><cntfax>651-366-3886</cntfax><cntemail>linearreferencingsystem.admin.dot@state.mn.us</cntemail></cntinfo></metc></metainfo></metadata>